-- phpMyAdmin SQL Dump
-- version 5.2.0
-- https://www.phpmyadmin.net/
--
-- Servidor: 127.0.0.1
-- Tiempo de generación: 02-05-2023 a las 17:45:42
-- Versión del servidor: 10.4.24-MariaDB
-- Versión de PHP: 8.1.6

SET SQL_MODE = "NO_AUTO_VALUE_ON_ZERO";
START TRANSACTION;
SET time_zone = "+00:00";


/*!40101 SET @OLD_CHARACTER_SET_CLIENT=@@CHARACTER_SET_CLIENT */;
/*!40101 SET @OLD_CHARACTER_SET_RESULTS=@@CHARACTER_SET_RESULTS */;
/*!40101 SET @OLD_COLLATION_CONNECTION=@@COLLATION_CONNECTION */;
/*!40101 SET NAMES utf8mb4 */;

--
-- Base de datos: `sisventas`
--

-- --------------------------------------------------------

--
-- Estructura de tabla para la tabla `articulo`
--

CREATE TABLE `articulo` (
  `idarticulo` int(11) NOT NULL,
  `idcategoria` int(11) NOT NULL,
  `codigo` varchar(50) DEFAULT NULL,
  `nombre` varchar(100) NOT NULL,
  `stock` int(11) NOT NULL,
  `descripcion` varchar(256) DEFAULT NULL,
  `imagen` varchar(50) DEFAULT NULL,
  `condicion` tinyint(1) NOT NULL DEFAULT 1
) ENGINE=InnoDB DEFAULT CHARSET=latin1;

--
-- Volcado de datos para la tabla `articulo`
--

INSERT INTO `articulo` (`idarticulo`, `idcategoria`, `codigo`, `nombre`, `stock`, `descripcion`, `imagen`, `condicion`) VALUES
(1, 4, '123456789', 'Impresora Epson L300', 24, 'descripcion de la impresora', '1501303270.jpg', 1),
(2, 1, '35463563', 'Articulo 1', 18, 'descripcion', '1501303284.jpg', 1);

-- --------------------------------------------------------

--
-- Estructura de tabla para la tabla `categoria`
--

CREATE TABLE `categoria` (
  `idcategoria` int(11) NOT NULL,
  `nombre` varchar(50) NOT NULL,
  `descripcion` varchar(256) DEFAULT NULL,
  `condicion` tinyint(1) NOT NULL DEFAULT 1
) ENGINE=InnoDB DEFAULT CHARSET=latin1;

--
-- Volcado de datos para la tabla `categoria`
--

INSERT INTO `categoria` (`idcategoria`, `nombre`, `descripcion`, `condicion`) VALUES
(1, 'Utilitarios', 'Productos utilitarios', 1),
(2, 'Categoria 2', 'Descipcion 2', 0),
(3, 'Categoría 3', 'descripcion de la categoria 33', 1),
(4, 'Impresora', 'Impresora de tinta liquida', 1);

-- --------------------------------------------------------

--
-- Estructura de tabla para la tabla `detalle_ingreso`
--

CREATE TABLE `detalle_ingreso` (
  `iddetalle_ingreso` int(11) NOT NULL,
  `idingreso` int(11) NOT NULL,
  `idarticulo` int(11) NOT NULL,
  `cantidad` int(11) NOT NULL,
  `precio_compra` decimal(11,2) NOT NULL,
  `precio_venta` decimal(11,2) NOT NULL
) ENGINE=InnoDB DEFAULT CHARSET=latin1;

--
-- Volcado de datos para la tabla `detalle_ingreso`
--

INSERT INTO `detalle_ingreso` (`iddetalle_ingreso`, `idingreso`, `idarticulo`, `cantidad`, `precio_compra`, `precio_venta`) VALUES
(1, 1, 1, 30, '500.00', '600.00'),
(2, 1, 2, 5, '30.00', '40.00'),
(3, 2, 1, 2, '54.00', '60.00'),
(4, 2, 2, 2, '67.00', '88.00'),
(5, 3, 1, 15, '1.00', '1.00'),
(6, 3, 2, 15, '1.00', '1.00'),
(7, 4, 1, 10, '50.00', '67.00'),
(8, 4, 2, 10, '50.00', '70.00'),
(9, 5, 1, 1, '80.00', '90.00'),
(10, 5, 2, 1, '80.00', '90.00'),
(11, 6, 1, 5, '50.00', '90.00');

--
-- Disparadores `detalle_ingreso`
--
DELIMITER $$
CREATE TRIGGER `tr_updStockIngreso` AFTER INSERT ON `detalle_ingreso` FOR EACH ROW BEGIN
 UPDATE articulo SET stock = stock + NEW.cantidad 
 WHERE articulo.idarticulo = NEW.idarticulo;
END
$$
DELIMITER ;

-- --------------------------------------------------------

--
-- Estructura de tabla para la tabla `detalle_venta`
--

CREATE TABLE `detalle_venta` (
  `iddetalle_venta` int(11) NOT NULL,
  `idventa` int(11) NOT NULL,
  `idarticulo` int(11) NOT NULL,
  `cantidad` int(11) NOT NULL,
  `precio_venta` decimal(11,2) NOT NULL,
  `descuento` decimal(11,2) NOT NULL
) ENGINE=InnoDB DEFAULT CHARSET=latin1;

--
-- Volcado de datos para la tabla `detalle_venta`
--

INSERT INTO `detalle_venta` (`iddetalle_venta`, `idventa`, `idarticulo`, `cantidad`, `precio_venta`, `descuento`) VALUES
(1, 1, 1, 1, '90.00', '10.00'),
(2, 1, 2, 1, '90.00', '0.00'),
(3, 2, 1, 5, '90.00', '0.00'),
(4, 2, 2, 7, '90.00', '0.00'),
(5, 3, 1, 1, '90.00', '0.00');

--
-- Disparadores `detalle_venta`
--
DELIMITER $$
CREATE TRIGGER `tr_updStockVenta` AFTER INSERT ON `detalle_venta` FOR EACH ROW BEGIN
 UPDATE articulo SET stock = stock - NEW.cantidad 
 WHERE articulo.idarticulo = NEW.idarticulo;
END
$$
DELIMITER ;

-- --------------------------------------------------------

--
-- Estructura de tabla para la tabla `ingreso`
--

CREATE TABLE `ingreso` (
  `idingreso` int(11) NOT NULL,
  `idproveedor` int(11) NOT NULL,
  `idusuario` int(11) NOT NULL,
  `tipo_comprobante` varchar(20) NOT NULL,
  `serie_comprobante` varchar(7) DEFAULT NULL,
  `num_comprobante` varchar(10) NOT NULL,
  `fecha_hora` datetime NOT NULL,
  `impuesto` decimal(4,2) NOT NULL,
  `total_compra` decimal(11,2) NOT NULL,
  `estado` varchar(20) NOT NULL
) ENGINE=InnoDB DEFAULT CHARSET=latin1;

--
-- Volcado de datos para la tabla `ingreso`
--

INSERT INTO `ingreso` (`idingreso`, `idproveedor`, `idusuario`, `tipo_comprobante`, `serie_comprobante`, `num_comprobante`, `fecha_hora`, `impuesto`, `total_compra`, `estado`) VALUES
(1, 2, 1, 'Factura', '001', '1', '2017-08-13 00:00:00', '18.00', '15150.00', 'Aceptado'),
(2, 2, 1, 'Factura', '001', '002', '2017-08-14 00:00:00', '18.00', '242.00', 'Anulado'),
(3, 2, 1, 'Factura', '001', '004', '2017-08-14 00:00:00', '18.00', '30.00', 'Anulado'),
(4, 1, 1, 'Boleta', '01', '002', '2017-08-16 00:00:00', '0.00', '1000.00', 'Anulado'),
(5, 2, 1, 'Factura', '01', '004', '2017-08-16 00:00:00', '18.00', '160.00', 'Aceptado'),
(6, 2, 1, 'Factura', '003', '003', '2017-09-08 00:00:00', '18.00', '250.00', 'Aceptado');

-- --------------------------------------------------------

--
-- Estructura de tabla para la tabla `permiso`
--

CREATE TABLE `permiso` (
  `idpermiso` int(11) NOT NULL,
  `nombre` varchar(30) NOT NULL
) ENGINE=InnoDB DEFAULT CHARSET=latin1;

--
-- Volcado de datos para la tabla `permiso`
--

INSERT INTO `permiso` (`idpermiso`, `nombre`) VALUES
(1, 'Escritorio'),
(2, 'Almacen'),
(3, 'Compras'),
(4, 'Ventas'),
(5, 'Acceso'),
(6, 'Consulta Compras'),
(7, 'Consulta Ventas');

-- --------------------------------------------------------

--
-- Estructura de tabla para la tabla `persona`
--

CREATE TABLE `persona` (
  `idpersona` int(11) NOT NULL,
  `tipo_persona` varchar(20) NOT NULL,
  `nombre` varchar(100) NOT NULL,
  `tipo_documento` varchar(20) DEFAULT NULL,
  `num_documento` varchar(20) DEFAULT NULL,
  `direccion` varchar(70) DEFAULT NULL,
  `telefono` varchar(20) DEFAULT NULL,
  `email` varchar(50) DEFAULT NULL
) ENGINE=InnoDB DEFAULT CHARSET=latin1;

--
-- Volcado de datos para la tabla `persona`
--

INSERT INTO `persona` (`idpersona`, `tipo_persona`, `nombre`, `tipo_documento`, `num_documento`, `direccion`, `telefono`, `email`) VALUES
(1, 'Proveedor', 'Inversiones Santa Ana SAC', 'RUC', '2017282983944', 'Chiclayo Calle Las Magnolas 123', '074433124', 'ventas@inversiones.com'),
(2, 'Proveedor', 'Inversiones Leon SAC', 'RUC', '2057638438748', 'Av. Universitaria 14', '997965778', 'ventas@leon.com'),
(3, 'Cliente', 'Persi Arbeloa', 'DNI', '76653766', NULL, '5786578', NULL),
(4, 'Cliente', 'Felipe Luis Diaz', 'DNI', '76653488', 'Av los Jasmines peru lima', '35432523', 'felipeluis@gmail.com');

-- --------------------------------------------------------

--
-- Estructura de tabla para la tabla `usuario`
--

CREATE TABLE `usuario` (
  `idusuario` int(11) NOT NULL,
  `nombre` varchar(100) NOT NULL,
  `tipo_documento` varchar(20) NOT NULL,
  `num_documento` varchar(20) NOT NULL,
  `direccion` varchar(70) DEFAULT NULL,
  `telefono` varchar(20) DEFAULT NULL,
  `email` varchar(50) DEFAULT NULL,
  `cargo` varchar(20) DEFAULT NULL,
  `login` varchar(20) NOT NULL,
  `clave` varchar(64) NOT NULL,
  `imagen` varchar(50) NOT NULL,
  `condicion` tinyint(1) NOT NULL DEFAULT 1
) ENGINE=InnoDB DEFAULT CHARSET=latin1;

--
-- Volcado de datos para la tabla `usuario`
--

INSERT INTO `usuario` (`idusuario`, `nombre`, `tipo_documento`, `num_documento`, `direccion`, `telefono`, `email`, `cargo`, `login`, `clave`, `imagen`, `condicion`) VALUES
(1, 'Luis Felipe', 'DNI', '76653488', 'AV. SAN FELIPE', '99898775', '', '', 'admin', '8c6976e5b5410415bde908bd4dee15dfb167a9c873fc4bb8a81f6f2ab448a918', '1502585092.png', 1),
(2, 'luis', 'DNI', '7566544', 'Av. Universitaria 14', '4566756', 'feli@hotmail.com', 'Vendedor', 'luis', 'c5ff177a86e82441f93e3772da700d5f6838157fa1bfdc0bb689d7f7e55e7aba', '1502584983.png', 1),
(4, 'ana', 'DNI', '2342424', 'Av. Universitaria 14', '2344', 'cli@gmail.som', 'Ventas', 'karla', '1cfcffbd0d0536e2b354a0bbe9a0df8f7c15b26293e99ce5bd468e1716154295', '1502587823.png', 1),
(5, 'Luisa Garcia Dias', 'DNI', '76656544', 'Av. Universitaria 14', '5675443', 'Luis@hotmial.com', 'Almacenero', 'luisa', '73e4935fcd6dfbc26aa88d49b1304bff6f1dfdcfaa021e72e73d06025286eb1c', '1502603362.png', 1);

-- --------------------------------------------------------

--
-- Estructura de tabla para la tabla `usuario_permiso`
--

CREATE TABLE `usuario_permiso` (
  `idusuario_permiso` int(11) NOT NULL,
  `idusuario` int(11) NOT NULL,
  `idpermiso` int(11) NOT NULL
) ENGINE=InnoDB DEFAULT CHARSET=latin1;

--
-- Volcado de datos para la tabla `usuario_permiso`
--

INSERT INTO `usuario_permiso` (`idusuario_permiso`, `idusuario`, `idpermiso`) VALUES
(39, 4, 3),
(40, 4, 6),
(41, 4, 5),
(49, 2, 1),
(50, 2, 2),
(51, 2, 3),
(52, 2, 4),
(53, 5, 2),
(54, 5, 3),
(55, 5, 6),
(56, 1, 1),
(57, 1, 2),
(58, 1, 3),
(59, 1, 4),
(60, 1, 5),
(61, 1, 6),
(62, 1, 7);

-- --------------------------------------------------------

--
-- Estructura de tabla para la tabla `venta`
--

CREATE TABLE `venta` (
  `idventa` int(11) NOT NULL,
  `idcliente` int(11) NOT NULL,
  `idusuario` int(11) NOT NULL,
  `tipo_comprobante` varchar(20) NOT NULL,
  `serie_comprobante` varchar(7) DEFAULT NULL,
  `num_comprobante` varchar(10) NOT NULL,
  `fecha_hora` datetime NOT NULL,
  `impuesto` decimal(4,2) NOT NULL,
  `total_venta` decimal(11,2) NOT NULL,
  `estado` varchar(20) NOT NULL
) ENGINE=InnoDB DEFAULT CHARSET=latin1;

--
-- Volcado de datos para la tabla `venta`
--

INSERT INTO `venta` (`idventa`, `idcliente`, `idusuario`, `tipo_comprobante`, `serie_comprobante`, `num_comprobante`, `fecha_hora`, `impuesto`, `total_venta`, `estado`) VALUES
(1, 4, 1, 'Boleta', '003', '005', '2017-08-16 00:00:00', '0.00', '170.00', 'Aceptado'),
(2, 4, 1, 'Boleta', '001', '003', '2017-09-08 00:00:00', '0.00', '1080.00', 'Aceptado'),
(3, 3, 1, 'Ticket', '001', '001', '2017-09-09 00:00:00', '0.00', '90.00', 'Aceptado');

--
-- Índices para tablas volcadas
--

--
-- Indices de la tabla `articulo`
--
ALTER TABLE `articulo`
  ADD PRIMARY KEY (`idarticulo`),
  ADD UNIQUE KEY `nombre_UNIQUE` (`nombre`),
  ADD KEY `fk_articulo_categoria_idx` (`idcategoria`);

--
-- Indices de la tabla `categoria`
--
ALTER TABLE `categoria`
  ADD PRIMARY KEY (`idcategoria`),
  ADD UNIQUE KEY `nombre_UNIQUE` (`nombre`);

--
-- Indices de la tabla `detalle_ingreso`
--
ALTER TABLE `detalle_ingreso`
  ADD PRIMARY KEY (`iddetalle_ingreso`),
  ADD KEY `fk_detalle_ingreso_ingreso_idx` (`idingreso`),
  ADD KEY `fk_detalle_ingreso_articulo_idx` (`idarticulo`);

--
-- Indices de la tabla `detalle_venta`
--
ALTER TABLE `detalle_venta`
  ADD PRIMARY KEY (`iddetalle_venta`),
  ADD KEY `fk_detalle_venta_venta_idx` (`idventa`),
  ADD KEY `fk_detalle_venta_articulo_idx` (`idarticulo`);

--
-- Indices de la tabla `ingreso`
--
ALTER TABLE `ingreso`
  ADD PRIMARY KEY (`idingreso`),
  ADD KEY `fk_ingreso_persona_idx` (`idproveedor`),
  ADD KEY `fk_ingreso_usuario_idx` (`idusuario`);

--
-- Indices de la tabla `permiso`
--
ALTER TABLE `permiso`
  ADD PRIMARY KEY (`idpermiso`);

--
-- Indices de la tabla `persona`
--
ALTER TABLE `persona`
  ADD PRIMARY KEY (`idpersona`);

--
-- Indices de la tabla `usuario`
--
ALTER TABLE `usuario`
  ADD PRIMARY KEY (`idusuario`),
  ADD UNIQUE KEY `login_UNIQUE` (`login`);

--
-- Indices de la tabla `usuario_permiso`
--
ALTER TABLE `usuario_permiso`
  ADD PRIMARY KEY (`idusuario_permiso`),
  ADD KEY `fk_usuario_permiso_permiso_idx` (`idpermiso`),
  ADD KEY `fk_usuario_permiso_usuario_idx` (`idusuario`);

--
-- Indices de la tabla `venta`
--
ALTER TABLE `venta`
  ADD PRIMARY KEY (`idventa`),
  ADD KEY `fk_venta_persona_idx` (`idcliente`),
  ADD KEY `fk_venta_usuario_idx` (`idusuario`);

--
-- AUTO_INCREMENT de las tablas volcadas
--

--
-- AUTO_INCREMENT de la tabla `articulo`
--
ALTER TABLE `articulo`
  MODIFY `idarticulo` int(11) NOT NULL AUTO_INCREMENT, AUTO_INCREMENT=3;

--
-- AUTO_INCREMENT de la tabla `categoria`
--
ALTER TABLE `categoria`
  MODIFY `idcategoria` int(11) NOT NULL AUTO_INCREMENT, AUTO_INCREMENT=5;

--
-- AUTO_INCREMENT de la tabla `detalle_ingreso`
--
ALTER TABLE `detalle_ingreso`
  MODIFY `iddetalle_ingreso` int(11) NOT NULL AUTO_INCREMENT, AUTO_INCREMENT=12;

--
-- AUTO_INCREMENT de la tabla `detalle_venta`
--
ALTER TABLE `detalle_venta`
  MODIFY `iddetalle_venta` int(11) NOT NULL AUTO_INCREMENT, AUTO_INCREMENT=6;

--
-- AUTO_INCREMENT de la tabla `ingreso`
--
ALTER TABLE `ingreso`
  MODIFY `idingreso` int(11) NOT NULL AUTO_INCREMENT, AUTO_INCREMENT=7;

--
-- AUTO_INCREMENT de la tabla `permiso`
--
ALTER TABLE `permiso`
  MODIFY `idpermiso` int(11) NOT NULL AUTO_INCREMENT, AUTO_INCREMENT=8;

--
-- AUTO_INCREMENT de la tabla `persona`
--
ALTER TABLE `persona`
  MODIFY `idpersona` int(11) NOT NULL AUTO_INCREMENT, AUTO_INCREMENT=5;

--
-- AUTO_INCREMENT de la tabla `usuario`
--
ALTER TABLE `usuario`
  MODIFY `idusuario` int(11) NOT NULL AUTO_INCREMENT, AUTO_INCREMENT=6;

--
-- AUTO_INCREMENT de la tabla `usuario_permiso`
--
ALTER TABLE `usuario_permiso`
  MODIFY `idusuario_permiso` int(11) NOT NULL AUTO_INCREMENT, AUTO_INCREMENT=63;

--
-- AUTO_INCREMENT de la tabla `venta`
--
ALTER TABLE `venta`
  MODIFY `idventa` int(11) NOT NULL AUTO_INCREMENT, AUTO_INCREMENT=4;

--
-- Restricciones para tablas volcadas
--

--
-- Filtros para la tabla `articulo`
--
ALTER TABLE `articulo`
  ADD CONSTRAINT `fk_articulo_categoria` FOREIGN KEY (`idcategoria`) REFERENCES `categoria` (`idcategoria`) ON DELETE NO ACTION ON UPDATE NO ACTION;

--
-- Filtros para la tabla `detalle_ingreso`
--
ALTER TABLE `detalle_ingreso`
  ADD CONSTRAINT `fk_detalle_ingreso_articulo` FOREIGN KEY (`idarticulo`) REFERENCES `articulo` (`idarticulo`) ON DELETE NO ACTION ON UPDATE NO ACTION,
  ADD CONSTRAINT `fk_detalle_ingreso_ingreso` FOREIGN KEY (`idingreso`) REFERENCES `ingreso` (`idingreso`) ON DELETE NO ACTION ON UPDATE NO ACTION;

--
-- Filtros para la tabla `detalle_venta`
--
ALTER TABLE `detalle_venta`
  ADD CONSTRAINT `fk_detalle_venta_articulo` FOREIGN KEY (`idarticulo`) REFERENCES `articulo` (`idarticulo`) ON DELETE NO ACTION ON UPDATE NO ACTION,
  ADD CONSTRAINT `fk_detalle_venta_venta` FOREIGN KEY (`idventa`) REFERENCES `venta` (`idventa`) ON DELETE NO ACTION ON UPDATE NO ACTION;

--
-- Filtros para la tabla `ingreso`
--
ALTER TABLE `ingreso`
  ADD CONSTRAINT `fk_ingreso_persona` FOREIGN KEY (`idproveedor`) REFERENCES `persona` (`idpersona`) ON DELETE NO ACTION ON UPDATE NO ACTION,
  ADD CONSTRAINT `fk_ingreso_usuario` FOREIGN KEY (`idusuario`) REFERENCES `usuario` (`idusuario`) ON DELETE NO ACTION ON UPDATE NO ACTION;

--
-- Filtros para la tabla `usuario_permiso`
--
ALTER TABLE `usuario_permiso`
  ADD CONSTRAINT `fk_usuario_permiso_permiso` FOREIGN KEY (`idpermiso`) REFERENCES `permiso` (`idpermiso`) ON DELETE NO ACTION ON UPDATE NO ACTION,
  ADD CONSTRAINT `fk_usuario_permiso_usuario` FOREIGN KEY (`idusuario`) REFERENCES `usuario` (`idusuario`) ON DELETE NO ACTION ON UPDATE NO ACTION;

--
-- Filtros para la tabla `venta`
--
ALTER TABLE `venta`
  ADD CONSTRAINT `fk_venta_persona` FOREIGN KEY (`idcliente`) REFERENCES `persona` (`idpersona`) ON DELETE NO ACTION ON UPDATE NO ACTION,
  ADD CONSTRAINT `fk_venta_usuario` FOREIGN KEY (`idusuario`) REFERENCES `usuario` (`idusuario`) ON DELETE NO ACTION ON UPDATE NO ACTION;
COMMIT;

/*!40101 SET CHARACTER_SET_CLIENT=@OLD_CHARACTER_SET_CLIENT */;
/*!40101 SET CHARACTER_SET_RESULTS=@OLD_CHARACTER_SET_RESULTS */;
/*!40101 SET COLLATION_CONNECTION=@OLD_COLLATION_CONNECTION */;
